Last Name,First Name
Aartsma,Pieter
Abdel-Fattah,Mohamed
Abu,Ozotu
Adam,Trudy Jean
Adams,Leona
Adeshina,Adetokunbo
Afridi,Qasim
Afzal,Ayesha
Afzal,Neelam
Agafonov,Marina
Agbahovbe,Onome
Agboji,Hezekiah
Agranovich,Eugene
Ahmad,Nauman
Ainsworth,Nick
Ainsworth,Geoffrey
Ali,Shaik
Allen,Katie
Allibhai,Fatima
Almas,Naveed
Amarjothi Nagendran,Sreedharan
Anderson,Cameron
Anwar,Muhammad
Anyansi,Tochukwu
Argouarch,Sylvie
Armstrong,Kimberly
Au,Chi Hung
Au,Raymond
Austin,Jehannine
Awe,Ayodeji
Aydin,Cristina
Azarbar,Ataa
Azim,Hassan
Baer,Susan
Bailey,Anthony
Bains,Ramnique
Balakrishnan,Pradeep
Ballance,Dina
Banno,Brian
Barale,Anthony
Bardell,Andrea
Barley,Jennifer
Bates,Alan Thomas
Batke,Adrienne
Bayat,Negar
Beasley,Clare Louise
Beauchemin,Lyne
Beaumont,Charl
Bell,Rachel
Benning,Tony
Bergen,Dorothea
Bhalla,Rishi
Bhasin,Mani
Bhatia,Niti
Bilsker,Daniel
Biradar,Apparao
Birkholz,Kristina
Birlik,Muzumel
Birmingham,Carl Laird
Bishop,Lindsay
Black,Tyler
Blackburn,Paul
Blair,Lindsay
Blank,Myles
Blashko,Christopher
Blignaut,Johann
Bodnarchuk,Mark
Bond,David
Bondar,Jay
Booth,Christopher
Borowska,Anna
Bosc,Anastasia
Bosley,Laurence
Bosse Chartier,Gabrielle
Boston,Daniel
Bota,Melissa
Boudreau,Ainsley
Bouffard,Rachelle
Boulding,Rachel
Bourque,Marie Claire
Bow,Simon
Bozorg,Shaghayegh
Breitman,Deanne
Brennan,Naomi
Brink,Justinus
Broadway,Lauren
Bronkhorst,Aletta
Brost,Philip
Broster,Brett
Brown,Craig
Brown,Jessica
Burkey,Matthew
Burns,Kyle
Burns,Amy
Burrell,Erin
Burton,Hannah
Butterfield,Michael
Calhoun,Laura
Cameron,Kristjana
Campbell,Diane Paula
Campbell,Helen
Carey,Paul
Carlson,Marie
Carrion,Prescilla
Carter,Arthur
Caruncho,Hector
Casagrande,Magdalena
Casey,Janel
Catchpole,Rosalind
Catton,Kristen
Ceresney,Maureen
Chachamovich,Eduardo
Chakrabarty,Trisha
Chakraborty,Tapash
Champagne,Marilyn
Chan,Charlena
Chan,Salina
Chan,Ryan
Chapman,Laura
Chauhan,Harpreet
Cheek,Joanna
Chernick,Grant
Chete,Edwin
Chetty,Unita
Cheung,Pierre
Cheung,Bennett
Chhabra,Mehtaab
Chin,Danielle
Chin,James
Cho,Brian
Cho,Caroline
Chodkiewicz,Adam
Choong,Wee Kei
Chow,Bryan
Chow,Matthew
Chowdhury,Sheehan
Claman,Jeffrey
Clark,Campbell
Clarke,Andrew
Clements,Robert
Clift,Robert
Coelho,Jennifer S
Cohen,Greg
Cohen,Jordan
Cohen,David Jay
Cojocaru,Alice
Collins,Nelson
Comeau,Jennifer
Comeau,Kent
Comey,Rob
Cook,Daniel
Cooper,Michael
Cooper,Barry
Corbyn,Bryony
Correia,Shauna
Coupland,Jason
Cox,Darcy
Coxon,Carol
Craig,Ann Marie
Crawford,Tanya
Crawford,Anne
Crowell,Timothy
Culo,Sandi
Cunningham,Melissa
Darabian,Kaveh
Davis,Lindsay
de Luca,Marina
de Rappard,Sherry
Degenhardt,Amanda
Derocher,Christopher
Derry,Heather
Dhaese,Marie-José
Dhaliwal,Kuljit
Dhariwal,Amrit
Diamond,Adele
Dimov,Marius
Doan,Nam
Docherty,Claire
Dodd,Lindsay
Dodge,Liam
Donahue,Birgitta
Donaldson,Heather
Dosanjh,Robbie
Douziech,Jeffrey
Douziech,Ingrid
Dowey,Michael
d'Oyley,Heather
Drabkin,Rodney
Drance,Elisabeth
Driscoll,Miriam
Drouillard,Natalie
Dua,Vikram
Duncalf,Cliff
Duncan,Don
Dunn,Patrice
Duru,Doris
Ebenstiner,Janice
Edalati,Kourosh
Edirmanasinghe,Dimitri
Edwards,Katherine
Eksteen,Hendri-Charl
Elahi,Fawad
Elefante,Raymond Julius Obena
Elfers,Theo
Elliott,Katherine
Emes,Craig
Erickson,Dave
Esau,Steven
Eslami,Ali
Esmaili,Haydeh
Eswar,Shruthi
Evans,Anush
Fabian,James
Fabriel-Leclerc,Christin
Fadeyi,Oludare
Fahy,Mellisa
Fantus,Claire
Faraz,Muniba
Fedoroff,Ingrid
Fennemore,Marie
Ferguson,Gisele
Fernando,Nadeesha
Fibiger,Hans
Finch,Susan
Fine,Stuart H.
Flannigan,Stacy
Fleming,Katherine
Flynn,Sean
Forbes,Ian
Fox,Joel
Frangou,Sophia
Frankland,Allan
Fredrikson,Diane Helen
Freedman,Glen
Freer,Janya
French,Kelly
Frew,Patricia
Frie,Roger
Friesen,Wesley Howard
Frizen,Oxana
Froese,Colleen
Frolic,Natasha
Fulton,Heather
Fung,Kathryn
Fung,Jonathan
Furigay,Yvetta
Furlong,Allan
Galloway,Ashley
Gambetti,Andrea
Gamble,Allison
Gambouras,Adam
Gandham,Natasha
Gandhi,Priya
Gannon,Shivaun Rose
Gansner,Melissa
Garbett,Sally
Geisler,Robert
Geizer,Marie
Geller,Josie
Genge,Margot
Gibson,Peter
Gicas,Kristina
Gilks,Thea
Gill,Jitender
Gill,Nadia
Gill,Sharleen
Gillespie,Ian
Gillis,Randall
Goresky,Walter
Gourdeau,Julie
Grech,Theresa
Greenaway,Masa'Il
Gregoryanz,Tatiana
Gregson,Alison
Grewal,Seena
Grewal,Gurinder
Griffiths,Brenda Lee
Grimminck,Rachel
Grishin,Nataliya
Guan,Brian
Gubanov,Alexander
Gutteridge,Ursula
Ha,Kyooseob
Habibi,Mehrdad
Haddon,Craig
Hadjipavlou,George Alexander
Halischuk,Grant
Hallam,Elisabeth
Halli,Priyanka
Hameer,Faiza
Hanon,Neil
Haque,Zia-Ui
Haque,Farhan
Haring,Michelle
Harrison,Richard
Harvey,Layne Joseph
Harvey,Caroline
Hassan,Islam
Hathaway,Lorraine
Heaven,Roberta
Heilbrunn,David
Heng,Kenneth
Henriques,Emilia
Hewapathirane,Daminda
Hinkle,Molli
Ho,Charles
Hodelet,Nicola
Hoffman,Joanne
Holdsworth,Rosalynd
Holland Biggs,Karen
Honer,William
Hong,Kyung Sue
Hope,Kim
Hosenbocus,Sheik
Howard,Andrew
Howell-Jones,Gail
Howson,Anne
Hui,Jacqueline C.W.
Hurst-Martin,Victoria
Hussain,Ijaz
Hutnyk,David
Ignaszewski,Martha
Ilcewicz-Klimek,Magdalena
Illing,Martin
Inglis,Angela
Iro,Chinedu
Irwin,David A.J.
Ishkanian,Ryan
Iskander,Sam
Iverson,Grant
Jabbar,Faraz
Jabbar,Faiza
Jagdeo,Arun
Jakovljevic,Ivana
Jang,Kerry
Jani,Aarti
Janke,Paul
Jee,Pamela
Jenkins,Toyin
Jewett,Ashley
Jia,Lingsa
Jitlina,Ekaterina
Jiwa,Abdulkarim
Jokic,Iva
Jones,Carolyn
Joshi,Hemlata
Jukes,Tara
Junaid,Sara
Kaicker,Navin
Kalenchuk,Anna Lynn
Kanagarajan,Padmavathy
Kandasamysomasundaram,Parthasarathy
Kane,Barbara
Kang,Gurmit
Kang,Nirmal
Kang,Arvind
Karakoc,Anastasia
Karapareddy,Venugopal
Kashif,Muhammad
Katta,Balaraju
Kaye,Valerie
Kealy,David
Kegel,Sheila
Kennedy,Andrea
Kennedy,Christine
Kennedy,Kristine Alexandra
Keramatian,Kamyar
Khan,Mohammad
Khan,Shah
Khan,Muhammad
Khanbhai,Irfan
Khattak,Abid
Khosa,Buldip
Khurram,Shahzad
Killough,Russet
King,Ian
Klein,Carolin
Knebel,Ryan
Kobiljski,Jasmina
Koczapski,Andrzej
Kolchak,Andriy
Kolisang,Mohau
Koo,Anson
Kope,Teresa
Koritar,Endre Laszlo
Korkuczanska,Svetlana
Korman,Lorne
Korn,Miriam
Kosaka,Brenda Dale
Kot,Sarina
Krausz,Reinhard
Krawchuk,Jayson
Krell,Robert
Krishnamoorthy,Ashok
Kunar,Satnam
Kundi,Pardeep
Kunkel,Lucinda
Laban,Premakanthie
Lachowski,Christopher
Lacroix,Robert
Lafleur,Daniel
Lai,Constantine
Laidlaw,Jennifer
Lalani,Roberta
Lam,Raymond
Lamarre,Amanda
Lamba,Rakesh
Lament,Richard
Lane,Carol
Lange,Rael
Langheimer,Verena
Langill,Michelle
Lari,Harris
Lau,Mark
Lawrence,Julie
Lax,Stuart
Lazar,Susan
Lee,Jerome
Lee,Harrison
Lee,Hella
Lee,Danny
Leising,Julie
Leong,Kawai
Leung,Alexander Leigh-Yin
Leung,Aldrich
Levin,Alexander
Levy,J Mark
Lewis,Jennifer
Li,Jennifer
Li,Xiang
Liang,Raymond
Lilla,Mogamad Nizaar
Lilley,Christine
Lin,Daniel
Liu,Sarah
Liu,Cindy
Livesley,W. John
Lo,Theresa
Locke,Bradley
Lockhart,Olivia
Loewen,Karen
Louw,Johannes
Lu,Shao-Hua
Luckhurst,Jessica
Ludgate,Sacha
Ma,Annie
MacBeath,Lyn
MacFadden,Megan
MacInnes,Leah
MacVicar,Brian
Mah,Janet
Mahal,Daljeet
Mahoney,Catherine
Malomo,Oluseyi
Manjunath,Chinnapalli Veeraiah
Mansoor,Soudeh
Marshall,Jeanine Celeste
Martin,Nicole
Maskall,Doug
Mathew,Nickie
Mathias,Steven
Matos,Meghan
McConnell,Melanie
McDermid,Joanna
McDermit,Dale
McDonald,Patrick
McFadden,Connor
McGarvey,Kathleen
McGeer,Edith
McGregor,Fiona
McIntosh,Diane
McKay,Joanna
McMillan,Janette
Megahed Gheis,Mohamed
Mehra,Atul
Meldrum,Lee Anne
Mendoza,Valentina
Menon,Mahesh
Mestelman,Bryan
Meston,Cindy May
Miao,Sheena
Michalak,Erin
Miki,Nancy Patricia Hana
Milanese,Paul
Millar,Grant
Miller,Marian
Miller,Ashley
Miller,Debra
Minnes,Yoram
Minnings,Atlantis
Miranda,Charmaine
Miremadi,Saman
Mirmiran,Jamaluddin
Misri,Nicholas
Mithani,Akber
Mohajerani,Majid
Molgat,Carmen
Moniwa,Emiko
Montalbetti,David
More,Susan
Moretti,Jessica
Morgan,David
Morris,Emily
Mulvey,Michael
Murley,Nolan
Murphy,Timothy
Murray,Christopher
Murray,Candice
Musacchio,Mafalda
Na,Jennifer
Naccarato,Saverio
Naidoo,Smita
Narang,Paminder
Narang,Satinder
Nazif,Anna
Neelakant,Harish
Neilson,Heather
Nerenberg,Lucila
Neufeld,Andrew
Newman,Jill
Ngan,Elton
Nicholls,Tonia Lee
Nolan,Sean
Northcott,Colleen
Nunez,Carlos
Ocana,Michael
O'Donnell,Katherine
Ogrodniczuk,John
Ogunremi,Stephen
Ohiaeri,Onyema
Ohiaeri,Chinweoke
Okorie,Eugene
O'Neill,Ryan
Ono,Erika
Orujy Jukar,Taiebeh
Oshun,Anthony
Oswald,Tyler
Otasowie,Aiwuyo
Padmanabhan,Jayaraj
Pakrasi,Sanjeet
Palmer,Karen
Pande,Suniti
Panenka,William
Parmar,Varinderjit
Passmore,Michael
Patrick,Lance
Pattison,Mark
Patton,Sheila
Paulsen,Eric
Pavlidis,Paul
Penner,Erika
Penner,Courtney
Perel-Panar,Carina
Persaud,Rainer
Phaterpekar,Hem
Phillips,Anthony
Piper,Emily
Pipher,Bruce
Pitcher,Amanda
Ploesser,Markus
Poitras,Susan
Porter,Kathryn
Poyner-Del Vento,Patrick
Prenger,Jeremy L
Pretorius,Francois
Price,Kelly
Proulx,Francois
Prystawa,Barbara
Puddester,Derek
Pullmer,Lewis
Rai,Santoch
Raina,Raj
Ramirez,Saby
Ramperti,Nicolas
Ramsden,Katherine
Randhawa,Ramandeep
Rasool Javaheri,Khodadad (Kody)
Ratti,Paul
Raudzus,Julia
Raymond,Lynn
Reddy,Dorothy
Reinbold,Siri
Reiner,Ethan
Reiner,Peter
Reynolds,Vernon
Rezazadeh-Azar,Pouya
Richford,Carole
Riou,Kylie
Rivera,Karen
Rizzardo,Tyson
Robertson,Christopher
Robertson,Heather
Robichaud,Melisa
Robinson-Anagor,Jason
Rogers,Jenny
Rose,Riley
Rosenauer,Helen
Rosin,Richard
Roth,Victoria
Rothbart,Rachel
Routledge,Robin
Roy,Chunilal
Rozylo,Jennifer
Rusak,Anysia
Russel,Jennifer
Rutherford,Patricia
Ryan,Deirdre
Ryan,Jane
Saari,Carol-Ann
Sadrehashemi,Ladan
Saini,Mandeep
Saleh,Karim
Salih,Tamara
Saran,Kelly
Sassi,Roberto
Sayyaparaju,Kiran
Scamvougeras,Anton
Schacher,Candice
Schaffer,Nathan
Schenk,Christian Hans
Scherrer,Martin
Schertzer,Stephen
Schlamp,William G
Scholtens,Martina
Schovanek,Stefan
Schuetz,Christian
Schultz,Krista
Schuster,Lidia
Seamans,Jeremy
Seethapathy,Vijayakumar
Segal,Barry Michael
Sehrbrock,Joachim
Sekhon,Rose
Selles,Robert
Selvaraj,Madhavan
Sethi,Berjinder
Setton-Markus,Judith
Shabbits,Michael
Shakeri,Anyssa
Sharan,Richa
Sheldon,Leslie James
Sherazi,Syed Abdul Rafay
Sherwood,Megan
Shete,Shilpa
Shetty,Maithili
Shoja,Sheila
Shrikhande,Satish
Shulman,Barbara
Shurshilova,Elena
Sidhu,Kanwar Ajit
Sidhu,Fulroop Kaur
Sidhu,Jesse
Sinai,Joanne
Singh,Kulbir
Singh,Gunpreet
Singh,Barinder
Singh,Pulkit
Singh,Vineet
Slater,Jennifer
Slomp,Caitlin
Smit,Martina
Smith,Erin
Smith,Jeanette
Smith,David
Smith,Geoffrey
Smith,Karolina
Smith,Kevin
Sodipo,Temitayo
Sojat,Alexander
Solomons,Kevin
Soma,Rahul
Son,Gyung Won
Song,Weihong
Spencer,Steven
Spivack,Adam
Srikameswaran,Sujatha
Srivastava,Raman
Stanford,Elizabeth
Stark,Carolyn
Steinberg,Carolyn
Stephen,Petra
Stevenson,Ronald
Stevenson,Kevin
Stewart,Evelyn
Steyn,Janus
Stingu-Baxter,Miroslava
Sun,Warren D
Superstein-Raber,Lynn
Syed,Mujahid Ali
Szasz,George
Szumilas,Magdalena
Tam,Edwin
Tang,Betty
Tarzwell,Robert
Tavares,John
Taylor,Christine
Taylor,Steven
Telio,Summer
Tesler-Mabe,Carlos
Tham,Joseph
Thibeault,Amy
Thompson,Darren
Thomson,Katharine
Thorpe,Marilyn
To,Sharon
To,Agnes Shuk Ling
To,Ai Van Shelly
Tomita,Todd
Torbicki,Karl
Trueman,Karen
Tsang,Nicole
Tuka,Andrea
Udumaga,Ejike
Unger,Nathan
Uppal,Sonia
Uppal,Loveleen
Vallabh,Pravesh
Vallance,Maelor
van den Engh Cook,Michelle
Vanderwal,Tamara
Varnals,Tyler
Vassar,Elizabeth
Vaughan,Mariko
Vella-Zarb,Rachel
Vidal Peralta,Bertha
Vigo,Daniel
Vik,Astrid
Vila-Rodriguez,Fidel
Vincent,Steven
Vincent,Merville
Voutsilakos,Emorphea
Wald,Jaye
Waller,Michelle
Walsh,Coleen
Walton,Georgia
Wan,Jonathan
Wang,Jay Ching
Wang,Peter
Wang,Tina
Wang,Eugene
Wanis,Wahan
Ward,Carol
Ward,David
Warrya,Gurvinder
Watler,Crosbie
Weideman,Rene
Weinberg,Mark
Weitzner,Michael
Welgemoed,Marius
Westwell-Roper,Clara
White,Will
Whittal,Maureen Leslie
Wicholas,Leslie
Widajewicz,Witold
Wide,Jennifer
Wiebe,Carl
Wiehahn,George
Wieman,Cornelia
Wiens,Christian
Wiese,Bonnie Sue
Wiggers,Joris
Wijeyesinghe,Angelo
Williams,Russell
Williamson,Bradley
Wilt,Frances
Wiseman,Stephen
Wisniewska,Anna
Witt,Kortney
Woldum,Evan
Wolverton,Annie
Wong,Gloria
Wong,Julia
Wong,Wallace
Wong,Angela
Wong,Monique
Woo,Sai Ming Simon
Woodward,Elizabeth
Woodward,Todd
Wrixon,Katherine
Wu,Jiong
Wynn,Kathryn
Yamamoto,Aiko
Yashchuk,Olga
Yaxley,David
Ye,June
Yeh,Jennifer
Yeung,Anthony
Yew,Debra
Yoo,Jaeyun
Young,Quincy-Robyn
Young,Catherine
Yu,Ching
Yuen,Gloria Gee-Wing
Yung,Gordon
Yuswack,Timothy
Zaghloul,Emad
Zaitzow,Michael
Zanozin,Dmitrij
Zhang,Paige
Zhang,Dajiang
Zhou,Crystal
Zwicker,Amy
